user_id	title
8930	Jumanji: Welcome to the Jungle
8930	Grumpy Old Men
8930	Father of the Bride Part II
8930	Heat
8930	Balto
8930	Get Shorty
8930	Now and Then
8930	Clueless
8930	Shichinin no samurai
8930	Pocahontas
8930	Mr. Holland's Opus
8930	Les Misérables
8930	Braveheart
8930	The Birdcage
8930	Apollo 13
8930	Batman Forever
8930	Die Hard: With a Vengeance
8930	Ed Wood
8930	Gumby: The Movie
8930	Star Wars
8930	Pulp Fiction
8930	Tales from the Crypt: Demon Knight
8930	What's Eating Gilbert Grape
8930	Forrest Gump
8930	The Lion King
8930	True Lies
8930	Wolf
8930	Addams Family Values
8930	Demolition Man
8930	Jurassic Park
8930	Mrs. Doubtfire
8930	The Puppet Masters
8930	Robin Hood: Men in Tights
8930	The Secret Garden
8930	The Nightmare Before Christmas
8930	The Pagemaster
8930	Home Alone
8930	Terminator 2: Judgment Day
8930	Dances with Wolves
8930	Batman
8930	The Silence of the Lambs
8930	Snow White and the Seven Dwarfs
8930	Beauty and the Beast
8930	Candyman: Farewell to the Flesh
8930	Heavy Metal
8930	James and the Giant Peach
8930	Oliver & Company
8930	The Rock
8930	Dellamorte Dellamore
8930	Harriet the Spy
1510	The Godfather
1510	The Shawshank Redemption
1510	The Dark Knight
1510	Pulp Fiction
1510	The Lord of the Rings: The Return of the King
1510	The Departed
1510	Inception
1510	Forrest Gump
1510	Fight Club
1510	The Matrix
1510	The Silence of the Lambs
1510	Se7en
1510	Goodfellas
1510	The Prestige
1510	The Green Mile
1510	American Beauty
1510	Gladiator
1510	The Pianist
1510	The Social Network
1510	Schindler's List
1510	The Revenant
1510	Whiplash
1510	The Imitation Game
1510	The King's Speech
1510	Life of Pi
1510	The Curious Case of Benjamin Button
1510	Silver Linings Playbook
1510	12 Years a Slave
1510	Spotlight
1510	La La Land
1510	Moonlight
1510	Birdman
1510	The Grand Budapest Hotel
1510	Lost in Translation
1510	Eternal Sunshine of the Spotless Mind
1510	The Big Lebowski
1510	The Wolf of Wall Street
1510	The Hunger Games
1510	The Maze Runner
1510	The Bourne Identity
1510	Casino Royale
1510	Skyfall
1510	Quantum of Solace
1510	The Man from U.N.C.L.E.
1510	Kingsman: The Secret Service
1510	John Wick
1510	Mad Max: Fury Road
1510	Drive
1510	The Equalizer
1510	The Accountant
70974	Pan's Labyrinth
70974	City of God
70974	Requiem for a Dream
70974	Amélie
70974	Life is Beautiful
70974	Oldboy
70974	Spirited Away
70974	The Grand Budapest Hotel
70974	La Dolce Vita
70974	Bicycle Thieves
70974	Cinema Paradiso
70974	Ran
70974	A Clockwork Orange
70974	Brave New World 
70974	The Last Emperor
70974	Inception
70974	The Sixth Sense
70974	Donnie Darko
70974	Minority Report
70974	Eternal Sunshine of the Spotless Mind
70974	The Lives of Others
70974	The Pianist
70974	Heat
70974	L.A. Confidential
70974	Mulholland Drive
70974	Black Swan
70974	The Prestige
70974	Memento
70974	There Will Be Blood
70974	No Country for Old Men
70974	Birdman
70974	Her
70974	The Revenant
70974	Mad Max: Fury Road
70974	Django Unchained
70974	Inglourious Basterds
70974	The Hateful Eight
70974	Lawrence of Arabia
70974	Ben-Hur
70974	The Great Dictator
70974	Paths of Glory
70974	Apocalypse Now Redux
70974	The Killing Fields
70974	Hotel Mumbai
70974	1917
70974	The Imitation Game
70974	Arrival
70974	Blade Runner 2049
70974	Children of Heaven
70974	The Fountain
36294	Akira
36294	Princess Mononoke
36294	Howl’s Moving Castle
36294	Spirited Away
36294	Grave of the Fireflies
36294	Ghost in the Shell
36294	My Neighbor Totoro
36294	Nausicaä of the Valley of the Wind
36294	Paprika
36294	Perfect Blue
36294	The Iron Giant
36294	WALL·E
36294	Big Hero 6
36294	Ratatouille
36294	Finding Nemo
36294	The Incredibles
36294	Zootopia
36294	Moana
36294	Coco
36294	Kubo and the Two Strings
36294	Coraline
36294	ParaNorman
36294	The Secret of Kells
36294	Song of the Sea
36294	The Tale of the Princess Kaguya
36294	Fantastic Mr. Fox
36294	Isle of Dogs
36294	The Grand Budapest Hotel
36294	Fantastic Planet
36294	Akira Kurosawa’s Dreams
36294	Ran
36294	Throne of Blood
36294	The Hidden Fortress
36294	Lady Snowblood
36294	Kill Bill: Vol. 1
36294	Kill Bill: Vol. 2
36294	Oldboy
36294	The Man from Nowhere
36294	Train to Busan
36294	Memories of Murder
36294	Infernal Affairs
36294	City of God
36294	Amélie
36294	La La Land
36294	Midnight in Paris
36294	Stardust
36294	Hugo
36294	Life of Pi
36294	The Shape of Water
36294	Pan’s Labyrinth
52305	Spirited Away
52305	Princess Mononoke
52305	Howl’s Moving Castle
52305	Nausicaä of the Valley of the Wind
52305	Kubo and the Two Strings
52305	The Tale of the Princess Kaguya
52305	Song of the Sea
52305	The Secret of Kells
52305	Coraline
52305	ParaNorman
52305	Fantastic Mr. Fox
52305	Isle of Dogs
52305	Hugo
52305	Life of Pi
52305	Pan’s Labyrinth
52305	Stardust
52305	The Dark Crystal
52305	Labyrinth
52305	The NeverEnding Story
52305	The Chronicles of Narnia: The Lion, the Witch and the Wardrobe
52305	Harry Potter and the Sorcerer’s Stone
52305	Harry Potter and the Chamber of Secrets
52305	Ella Enchanted
52305	Enchanted
52305	The Last Unicorn
52305	Big Fish
52305	Amélie
52305	Moulin Rouge!
52305	La La Land
52305	Midnight in Paris
52305	The Grand Budapest Hotel
52305	Moonrise Kingdom
52305	The Royal Tenenbaums
52305	The Life Aquatic with Steve Zissou
52305	The Adventures of Tintin
52305	Raiders of the Lost Ark
52305	Indiana Jones and the Temple of Doom
52305	The Last Samurai
52305	Gladiator
52305	Braveheart
52305	The Name of the Rose
52305	The Pillars of the Earth 
52305	Romeo + Juliet (1996)
52305	Moulin Rouge! (2001)
52305	Mary and the Witch’s Flower
52305	Whale Rider
52305	Finding Nemo
52305	WALL·E
52305	March of the Penguins
52305	Free Willy
32538	Spirited Away
32538	Princess Mononoke
32538	Howl’s Moving Castle
32538	Nausicaä of the Valley of the Wind
32538	Kubo and the Two Strings
32538	The Tale of the Princess Kaguya
32538	Song of the Sea
32538	The Secret of Kells
32538	Coraline
32538	ParaNorman
32538	Fantastic Mr. Fox
32538	Isle of Dogs
32538	Hugo
32538	Life of Pi
32538	Pan’s Labyrinth
32538	Stardust
32538	The Dark Crystal
32538	Labyrinth
32538	The NeverEnding Story
32538	The Chronicles of Narnia: Prince Caspian
32538	Harry Potter and the Sorcerer’s Stone
32538	Harry Potter and the Chamber of Secrets
32538	Ella Enchanted
32538	Enchanted
32538	The Last Unicorn
32538	Big Fish
32538	Amélie
32538	Moulin Rouge!
32538	La La Land
32538	Midnight in Paris
32538	The Grand Budapest Hotel
32538	Moonrise Kingdom
32538	The Royal Tenenbaums
32538	The Life Aquatic with Steve Zissou
32538	The Adventures of Tintin
32538	Raiders of the Lost Ark
32538	Indiana Jones and the Temple of Doom
32538	The Last Samurai
32538	Gladiator
32538	Braveheart
32538	The Name of the Rose
32538	The Pillars of the Earth
32538	Romeo + Juliet (1996)
32538	Mary and the Witch’s Flower
32538	Whale Rider
32538	Finding Nemo
32538	WALL·E
32538	March of the Penguins
32538	Free Willy
32538	The Iron Giant
62151	The Pianist
62151	Schindler's List
62151	Amadeus
62151	The Elephant Man
62151	The Remains of the Day
62151	The English Patient
62151	Cinema Paradiso
62151	Life is Beautiful
62151	La La Land
62151	Moulin Rouge!
62151	Big Fish
62151	Atonement
62151	The King's Speech
62151	The Grand Budapest Hotel
62151	Midnight in Paris
62151	The Curious Case of Benjamin Button
62151	The Shape of Water
62151	The Theory of Everything
62151	The Imitation Game
62151	The Last Emperor
62151	The Revenant
62151	Gladiator
62151	Braveheart
62151	The Last Samurai
62151	Master and Commander: The Far Side of the World
62151	Dances with Wolves
62151	Lawrence of Arabia
62151	Patton
62151	JFK
62151	All the President's Men
62151	Goodfellas
62151	Casino
62151	The Departed
62151	Reservoir Dogs
62151	Kill Bill: Vol. 1
62151	Jackie Brown
62151	Léon: The Professional
62151	City of God
62151	Amélie
62151	The Secret Life of Walter Mitty
62151	The Fountain
62151	Eternal Sunshine of the Spotless Mind
62151	Donnie Darko
62151	Requiem for a Dream
62151	Black Swan
62151	Birdman
62151	2001: A Space Odyssey
62151	Interstellar
62151	Gravity
62151	Arrival
21171	Spirited Away
21171	Princess Mononoke
21171	My Neighbor Totoro
21171	Grave of the Fireflies
21171	Akira
21171	Paprika
21171	Ghost in the Shell
21171	Howl’s Moving Castle
21171	Kiki’s Delivery Service
21171	Nausicaä of the Valley of the Wind
21171	Perfect Blue
21171	Millennium Actress
21171	The Tale of the Princess Kaguya
21171	Wolf Children
21171	Ponyo
21171	Tokyo Godfathers
21171	The Wind Rises
21171	The Secret World of Arrietty
21171	Your Name
21171	Weathering with You
21171	The Cat Returns
21171	Only Yesterday
21171	When Marnie Was There
21171	5 Centimeters per Second
21171	Children Who Chase Lost Voices
21171	Redline
21171	Summer Wars
21171	The Garden of Words
21171	Patlabor: The Movie
21171	Sword of the Stranger
21171	In This Corner of the World
21171	The Place Promised in Our Early Days
21171	Whisper of the Heart
21171	Porco Rosso
21171	The Boy and the Beast
21171	The Red Turtle
21171	Lu Over the Wall
21171	Mary and the Witch’s Flower
21171	Earwig and the Witch
21171	Ni no Kuni
21171	A Letter to Momo
21171	Metropolis (2001)
21171	The Tale of the Princess and the Frog
21171	Fantastic Mr. Fox
21171	Coraline
21171	The Iron Giant
21171	Kubo and the Two Strings
21171	Song of the Sea
21171	The Secret of Kells
21171	Ernest & Celestine
6758	City of God
6758	Amélie
6758	The Lives of Others
6758	Pan’s Labyrinth
6758	Spirited Away
6758	Eternal Sunshine of the Spotless Mind
6758	Requiem for a Dream
6758	Donnie Darko
6758	Lost in Translation
6758	Black Swan
6758	The Grand Budapest Hotel
6758	Moonlight
6758	Her
6758	Birdman
6758	The Master
6758	The Royal Tenenbaums
6758	Drive
6758	There Will Be Blood
6758	The Tree of Life
6758	The Curious Case of Benjamin Button
6758	Midnight in Paris
6758	The Artist
6758	A Serious Man
6758	Burn After Reading
6758	Little Miss Sunshine
6758	Sideways
6758	In Bruges
6758	The Secret in Their Eyes
6758	Oldboy (2003)
6758	Memories of Murder
6758	The Handmaiden
6758	Parasite
6758	12 Years a Slave
6758	The Revenant
6758	Spotlight
6758	Room
6758	La La Land
6758	Manchester by the Sea
6758	Call Me by Your Name
6758	Phantom Thread
6758	The Lighthouse
6758	Marriage Story
6758	Jojo Rabbit
6758	Knives Out
6758	Dune (2021)
6758	Everything Everywhere All at Once
6758	The Fabelmans
6758	Tár
6758	Napoleon
6758	Triangle of Sadness
63347	Se7en
63347	Gone Girl
63347	Zodiac
63347	Prisoners
63347	The Others
63347	The Sixth Sense
63347	Shutter Island
63347	Mystic River
63347	Insomnia (2002)
63347	The Girl with the Dragon Tattoo (2011)
63347	The Prestige
63347	Memento
63347	Oldboy (2003)
63347	Donnie Darko
63347	Fight Club
63347	American Psycho
63347	Black Swan
63347	Mulholland Drive
63347	The Machinist
63347	Jacob’s Ladder
63347	The Talented Mr. Ripley
63347	Secret Window
63347	The Number 23
63347	Enemy
63347	The Invitation
63347	The Others
63347	Red Dragon
63347	Silence
63347	Cape Fear (1991)
63347	Frailty
63347	Basic Instinct
63347	Side Effects
63347	The Gift (2015)
63347	The Killing of a Sacred Deer
63347	Split
63347	Primal Fear
63347	The Vanishing (1988)
63347	Stoker
63347	The House That Jack Built
63347	The Wicker Man (2006)
63347	Perfect Blue
63347	Memories of Murder
63347	The Secret in Their Eyes (2009)
63347	Tinker Tailor Soldier Spy
63347	The Man Who Fell to Earth (1976)
63347	The Lighthouse
63347	Enemy of the State
63347	The Invisible Man (2020)
63347	The Handmaiden
63347	Nightcrawler
71420	Star Wars: Episode IV - A New Hope
71420	Star Wars: Episode V - The Empire Strikes Back
71420	Star Wars: Episode VI - Return of the Jedi
71420	Star Wars: Episode I - The Phantom Menace
71420	Star Wars: Episode II - Attack of the Clones
71420	Star Wars: Episode III - Revenge of the Sith
71420	Raiders of the Lost Ark
71420	Indiana Jones and the Last Crusade
71420	Jurassic Park
71420	The Lost World: Jurassic Park
71420	E.T.: The Extra-Terrestrial
71420	Back to the Future
71420	Back to the Future Part II
71420	Back to the Future Part III
71420	The Matrix
71420	The Matrix Reloaded
71420	The Matrix Revolutions
71420	The Lord of the Rings: The Fellowship of the Ring
71420	The Lord of the Rings: The Two Towers
71420	The Lord of the Rings: The Return of the King
71420	Titanic
71420	Saving Private Ryan
71420	Forrest Gump
71420	The Shawshank Redemption
71420	The Green Mile
71420	True Lies
71420	Die Hard
71420	Die Hard: With a Vengeance
71420	Live Free or Die Hard
71420	Predator
71420	Air Force One
71420	The Bourne Identity
71420	The Bourne Supremacy
71420	The Bourne Ultimatum
71420	Spider-Man
71420	Spider-Man 2
71420	Spider-Man 3
71420	Shrek
71420	Shrek 2
71420	Madagascar
71420	Ice Age
71420	Ice Age: The Meltdown
71420	WALL·E
71420	Cars
71420	Ratatouille
71420	Kung Fu Panda
71420	Finding Nemo
71420	Monsters, Inc.
71420	The Incredibles
71420	Meet the Robinsons
39861	Star Wars: Episode VI - Return of the Jedi
39861	Indiana Jones and the Last Crusade
39861	The Empire Strikes Back
39861	Blade Runner 2049
39861	Akira
39861	Ghost in the Shell (1995)
39861	Metropolis (1927)
39861	Brazil
39861	Twelve Monkeys
39861	Dark City
39861	The Fifth Element
39861	Tron
39861	Close Encounters of the Third Kind
39861	Moon
39861	District 9
39861	Ex Machina
39861	Her
39861	Arrival
39861	The Man Who Fell to Earth
39861	Solaris (1972)
39861	Stalker
39861	Andrei Rublev
39861	The Holy Mountain
39861	The Fountain
39861	Pan’s Labyrinth
39861	Spirited Away
39861	Princess Mononoke
39861	Howl’s Moving Castle
39861	Nausicaä of the Valley of the Wind
39861	Grave of the Fireflies
39861	Perfect Blue
39861	Paprika
39861	The Red Turtle
39861	The Tale of the Princess Kaguya
39861	Only Yesterday
39861	Coraline
39861	Fantastic Mr. Fox
39861	Isle of Dogs
39861	Anomalisa
39861	City of Lost Children
39861	The Brothers Quay: Street of Crocodiles
39861	The Brothers Quay: The Comb
39861	Alice
39861	Baraka
39861	Samsara
39861	The Adventures of Baron Munchausen
39861	Time Bandits
39861	Labyrinth (1986)
39861	The Last Unicorn
39861	The Dark Crystal
50510	The Godfather: Part II
50510	Scarface
50510	Heat
50510	The Departed
50510	American Gangster
50510	Donnie Brasco
50510	Once Upon a Time in America
50510	Blow
50510	The Untouchables
50510	Road to Perdition
50510	Good Time
50510	The Irishman
50510	The Town
50510	Midnight Cowboy
50510	Requiem for a Dream
50510	There Will Be Blood
50510	No Country for Old Men
50510	The Hateful Eight
50510	Once Upon a Time… in Hollywood
50510	Birdman
50510	Whiplash
50510	Black Swan
50510	Joker
50510	American History X
50510	City of God 2 (Cidade de Deus sequel)
50510	Reservoir Dogs: Special Edition
50510	Kill Bill: Vol. 1
50510	Kill Bill: Vol. 2
50510	Jackie Brown
50510	The Big Lebowski
50510	Fargo
50510	True Romance
50510	Natural Born Killers
50510	Leon: The Professional
50510	Heat: Director’s Cut
50510	The French Connection
50510	The Conversation
50510	Taxi Driver
50510	The Untouchables: Remastered
50510	Once Upon a Time in Venice
50510	The Fighter
50510	Million Dollar Baby
50510	Creed
50510	Warrior
50510	Rocky
50510	Raging Bull: Director’s Cut
50510	The Thin Red Line: Extended Edition
50510	Apocalypse Now
50510	Full Metal Jacket
50510	12 Angry Men
68722	The Grapes of Wrath
68722	On the Waterfront
68722	A Streetcar Named Desire
68722	All About Eve
68722	The Big Sleep
68722	Touch of Evil
68722	Sweet Smell of Success
68722	In a Lonely Place
68722	Gilda
68722	Laura
68722	The Killers
68722	The Big Heat
68722	Out of the Past
68722	Kiss Me Deadly
68722	The Lost Weekend
68722	Wild Strawberries
68722	Through a Glass Darkly
68722	Cries and Whispers
68722	Autumn Sonata
68722	Fanny and Alexander
68722	Ikiru
68722	High and Low
68722	Dreams
68722	Ugetsu monogatari
68722	Sanshô dayû
68722	Harakiri
68722	Kwaidan
68722	Woman in the Dunes
68722	The Face of Another
68722	The Innocents
68722	Don’t Look Now
68722	If….
68722	The Long Goodbye
68722	McCabe & Mrs. Miller
68722	The Last Picture Show
68722	The French Connection
68722	Mean Streets
68722	Raging Bull
68722	Blue Jasmine
68722	Talk to Her
68722	All About My Mother
68722	Broken Embraces
68722	Volver
68722	What Have I Done to Deserve This?
68722	Women on the Verge of a Nervous Breakdown
68722	The Skin I Live In
68722	Millennium Actress
68722	Perfect Blue
68722	Paprika
68722	Tokyo Godfathers
13086	Gladiator
13086	Master and Commander: The Far Side of the World
13086	The Patriot
13086	300
13086	Kingdom of Heaven
13086	Troy
13086	Braveheart
13086	Lawrence of Arabia
13086	The Last Samurai
13086	Enemy at the Gates
13086	The Thin Red Line
13086	Gettysburg
13086	Patton
13086	Dunkirk (1958)
13086	The Longest Day
13086	Tora! Tora! Tora!
13086	Flags of Our Fathers
13086	Letters from Iwo Jima
13086	Hacksaw Ridge
13086	Pearl Harbor
13086	1917
13086	Midway
13086	The Great Escape
13086	Run Silent Run Deep
13086	Stalag 17
13086	The Guns of Navarone
13086	Where Eagles Dare
13086	The Dirty Dozen
13086	The Bridge on the River Kwai
13086	Lawrence of Arabia
13086	North by Northwest
13086	Charade
13086	To Catch a Thief
13086	Casablanca
13086	The Maltese Falcon
13086	The Big Sleep
13086	Key Largo
13086	High Noon
13086	Rio Bravo
13086	The Man Who Shot Liberty Valance
13086	Stagecoach
13086	The Searchers
13086	Spartacus
13086	Ben-Hur
13086	E.T.: The Extra-Terrestrial
13086	Close Encounters of the Third Kind
13086	Apollo 13
13086	Saving Private Ryan
13086	Witness
13086	Dial M for Murder
67189	The Godfather
67189	The Godfather: Part II
67189	Goodfellas
67189	Casino
67189	Reservoir Dogs
67189	Heat
67189	The Departed
67189	Once Upon a Time in America
67189	Donnie Brasco
67189	American Gangster
67189	Scarface
67189	Road to Perdition
67189	The Irishman
67189	The Town
67189	Raging Bull
67189	Midnight Cowboy
67189	Apocalypse Now: Redux
67189	Full Metal Jacket
67189	Platoon
67189	Saving Private Ryan: Director’s Cut
67189	Inglourious Basterds
67189	Django Unchained
67189	Pulp Fiction: Extended Edition
67189	Jackie Brown
67189	Kill Bill: Vol. 1
67189	Kill Bill: Vol. 2
67189	Natural Born Killers
67189	True Romance
67189	Fear and Loathing in Las Vegas: Extended Cut
67189	Fight Club: Director’s Cut
67189	Se7en
67189	American History X
67189	Magnolia: Extended Edition
67189	Boogie Nights: Director’s Cut
67189	Requiem for a Dream: Director’s Cut
67189	O Brother, Where Art Thou?: Extended Edition
67189	The Big Lebowski: Extended Cut
67189	The Life Aquatic with Steve Zissou: Director’s Cut
67189	Adaptation: Extended Edition
67189	Punch-Drunk Love: Director’s Cut
67189	Oldeuboi (Oldboy)
67189	The Dark Knight: IMAX Edition
67189	Batman Begins: Director’s Cut
67189	300: Extended Edition
67189	The Bourne Ultimatum: Special Edition
67189	Star Wars: Special Edition
67189	Star Wars: Episode I – The Phantom Menace
67189	Star Wars: Episode II – Attack of the Clones
67189	Star Wars: Episode III – Revenge of the Sith
67189	Monty Python’s Life of Brian
40284	The Godfather
40284	The Godfather: Part II
40284	Goodfellas
40284	Casino
40284	Heat
40284	L.A. Confidential
40284	The Untouchables
40284	Donnie Brasco
40284	Road to Perdition
40284	Mystic River
40284	American History X
40284	A Beautiful Mind
40284	The Imitation Game
40284	The Theory of Everything
40284	Dead Poets Society
40284	The English Patient
40284	Legends of the Fall
40284	Braveheart
40284	Gladiator
40284	Troy
40284	The Last Samurai
40284	First Knight
40284	Schindler’s List
40284	Saving Private Ryan
40284	Catch Me If You Can
40284	Ocean’s Eleven
40284	Ocean’s Twelve
40284	Ocean’s Thirteen
40284	The Bourne Identity
40284	The Bourne Supremacy
40284	The Bourne Ultimatum
40284	Minority Report
40284	I, Robot
40284	Blade Runner
40284	Blade Runner 2049
40284	Twelve Monkeys
40284	Eternal Sunshine of the Spotless Mind
40284	The Truman Show
40284	Pleasantville
40284	Clueless
40284	10 Things I Hate About You
40284	Notting Hill
40284	Love Actually
40284	Serendipity
40284	Meet Joe Black
40284	About a Boy
40284	The Notebook
40284	The Wedding Singer
40284	Wedding Crashers
40284	Harry Potter and the Prisoner of Azkaban
34958	Blade Runner 2049
34958	Children of Men
34958	The Matrix
34958	Equilibrium
34958	Minority Report
34958	Inception
34958	Interstellar
34958	Eternal Sunshine of the Spotless Mind
34958	V for Vendetta
34958	The Fifth Element
34958	RoboCop
34958	Star Wars: Episode VII – The Force Awakens
34958	Star Wars: Episode VIII – The Last Jedi
34958	Star Wars: Episode IX – The Rise of Skywalker
34958	Guardians of the Galaxy
34958	Mad Max: Fury Road
34958	The Bourne Ultimatum
34958	Collateral
34958	Ocean’s Thirteen
34958	Ocean’s Eight
34958	Memento
34958	Snatch
34958	Lock, Stock and Two Smoking Barrels
34958	Fight Club
34958	Pulp Fiction
34958	American History X
34958	Boogie Nights
34958	Magnolia
34958	Lost in Translation
34958	The Life Aquatic with Steve Zissou
34958	Napoleon Dynamite
34958	Team America: World Police
34958	50 First Dates
34958	Eternal Sunshine of the Spotless Mind
34958	City of God
34958	Good Will Hunting
34958	The Truman Show
34958	About a Boy
34958	Rush Hour 2
34958	Rush Hour
34958	The Bourne Identity
34958	The Bourne Supremacy
34958	Kill Bill: Vol. 1
34958	Kill Bill: Vol. 2
34958	The Lord of the Rings: The Fellowship of the Ring
34958	The Lord of the Rings: The Two Towers
34958	The Lord of the Rings: The Return of the King
34958	The Terminal
34958	The Dark Knight
34958	Eternal Sunshine of the Spotless Mind
24954	Se7en
24954	Heat
24954	Léon: The Professional
24954	Oldboy (2003)
24954	Reservoir Dogs
24954	Snatch
24954	Lock, Stock and Two Smoking Barrels
24954	Fight Club
24954	Pulp Fiction
24954	American History X
24954	Gladiator
24954	The Departed
24954	The Dark Knight
24954	Batman Begins
24954	V for Vendetta
24954	Memento
24954	The Shawshank Redemption
24954	The Godfather
24954	The Godfather: Part II
24954	Goodfellas
24954	City of God
24954	Crash (2004)
24954	Wall-E
24954	The Truman Show
24954	Little Miss Sunshine
24954	Borat
24954	Napoleon Dynamite
24954	The 40-Year-Old Virgin
24954	Dumb & Dumber
24954	Blazing Saddles
24954	Airplane!
24954	BASEketball
24954	Team America: World Police
24954	The Life Aquatic with Steve Zissou
24954	La vita è bella
24954	Rocky II
24954	Rocky Balboa
24954	The Matrix
24954	Total Recall (1990)
24954	Final Fantasy VII: Advent Children
24954	Sin City
24954	WALL·E
24954	Sherlock Jr.
24954	Hotel Rwanda
24954	Star Wars: Episode V – The Empire Strikes Back
24954	Star Wars: Episode VI – Return of the Jedi
24954	Blazing Saddles
24954	Shichinin no samurai
24954	Kill Bill: Vol. 1
24954	Kill Bill: Vol. 2
2692	Heat
2692	Léon: The Professional
2692	Snatch
2692	Lock, Stock and Two Smoking Barrels
2692	Trainspotting
2692	Se7en
2692	Fight Club
2692	Reservoir Dogs
2692	The Big Short
2692	Oldboy (2003)
2692	Donnie Brasco
2692	The Godfather
2692	The Godfather: Part II
2692	American Psycho
2692	L.A. Confidential
2692	Casino
2692	The Departed
2692	Scarface (1983)
2692	City of God
2692	Drive
2692	No Country for Old Men
2692	Requiem for a Dream
2692	Sin City: A Dame to Kill For
2692	American History X
2692	The Man from Nowhere
2692	Oldboy (2013 remake)
2692	Blade Runner 2049
2692	A Clockwork Orange
2692	The Thing (1982)
2692	12 Angry Men (1957)
2692	Psycho (1960)
2692	Chinatown
2692	The Shining
2692	Mulholland Drive
2692	Black Swan
2692	Memento
2692	The Sixth Sense
2692	Gone Girl
2692	Prisoners
2692	Whiplash
2692	Birdman
2692	Inception
2692	Interstellar
2692	Gravity
2692	Arrival
2692	Children of Men
2692	Old Man & the Gun
2692	Fargo
2692	The Usual Suspects
2692	The Prestige
35373	Spirited Away
35373	Princess Mononoke
35373	Howl’s Moving Castle
35373	Nausicaä of the Valley of the Wind
35373	Grave of the Fireflies
35373	Perfect Blue
35373	Paprika
35373	The Red Turtle
35373	The Tale of the Princess Kaguya
35373	Only Yesterday
35373	Kubo and the Two Strings
35373	Coraline
35373	Fantastic Mr. Fox
35373	Isle of Dogs
35373	Anomalisa
35373	City of Lost Children
35373	The Brothers Quay: Street of Crocodiles
35373	The Brothers Quay: The Comb
35373	Alice
35373	Baraka
35373	Samsara
35373	The Fountain
35373	Solaris (1972)
35373	Stalker
35373	Andrei Rublev
35373	The Mirror
35373	Come and See
35373	8½
35373	La Dolce Vita
35373	Amarcord
35373	The Leopard
35373	Roma
35373	The Spirit of the Beehive
35373	A Ghost Story
35373	The Man Who Fell to Earth
35373	The Holy Mountain
35373	Metropolis (1927)
35373	Brazil
35373	Dark City
35373	Moon
35373	Blade Runner 2049
35373	Ex Machina
35373	Her
35373	Arrival
35373	Children of Men
35373	Pan’s Labyrinth
35373	The Fall
35373	The Cell
35373	The Curious Case of Benjamin Button
35373	The Tree of Life
